lon,lat
-157.8583333,21.3069444
-127.6476205,53.7266683
-127.6476205,53.7266683
-127.6476205,53.7266683
-123.1207375,49.2827291
-123.1207375,49.2827291
-123.1207375,49.2827291
-123.1207375,49.2827291
-122.9888319,38.5779555
-122.6764815,45.5230622
-122.6764815,45.5230622
-122.6764815,45.5230622
-122.6764815,45.5230622
-122.6716063,45.6318397
-122.5950942,45.5897694
-122.4194155,37.7749295
-122.4194155,37.7749295
-122.3320708,47.6062095
-122.3320708,47.6062095
-122.3320708,47.6062095
-122.3320708,47.6062095
-122.2913078,37.8271784
-121.8863286,37.3382082
-121.8863286,37.3382082
-121.6555013,36.6777372
-121.6555013,36.6777372
-121.4943996,38.5815719
-121.4943996,38.5815719
-121.4943996,38.5815719
-121.4168133,38.5796726
-121.4168133,38.5796726
-120.7401385,47.7510741
-120.7401385,47.7510741
-119.4960106,49.8879519
-119.4179324,36.778261
-119.4179324,36.778261
-119.4179324,36.778261
-119.4179324,36.778261
-119.4179324,36.778261
-119.4179324,36.778261
-118.3531311,33.9616801
-118.2436849,34.0522342
-118.2436849,34.0522342
-118.2436849,34.0522342
-118.2436849,34.0522342
-118.2436849,34.0522342
-118.2436849,34.0522342
-118.2061465,34.1006734
-118.1479208,34.1469288
-117.9046113,33.6797332
-117.8861205,33.6774072
-117.6581562,33.5968913
-117.4260465,47.6587802
-117.1610838,32.715738
-117.1610838,32.715738
-116.6667115,31.8693707
-116.5765035,53.9332706
-114.0708459,51.0486151
-114.0708459,51.0486151
-113.8112386,52.2681118
-113.7746723,50.3463355
-113.7173037,52.475399
-113.5975533,53.5700247
-113.4909267,53.544389
-112.0740373,33.4483771
-112.0740373,33.4483771
-112.0157331,41.5118042
-111.9791494,41.2082541
-111.9260519,33.4941704
-111.9260519,33.4941704
-111.8723896,40.6685393
-111.8568586,31.8500823
-111.8369909,41.7352542
-111.6772142,41.0357005
-111.6582149,40.2316395
-111.0937311,34.0489281
-111.0937311,34.0489281
-111.0429339,45.6769979
-110.9559192,29.0729673
-110.9559192,29.0729673
-110.3308814,29.2972247
-110.3308814,29.2972247
-110.3308814,29.2972247
-109.7232581,40.9882442
-109.7124043,23.0798696
-109.4464093,27.0894841
-109.4437493,27.0727573
-109.4437493,27.0727573
-106.346771,56.130366
-106.346771,56.130366
-106.346771,56.130366
-106.346771,56.130366
-106.346771,56.130366
-105.937799,35.6869752
-105.7820674,39.5500507
-105.2551187,54.5259614
-105.2551187,54.5259614
-105.084423,40.5852602
-104.3384616,19.1138094
-103.8690216,18.9034048
-103.3795417,20.5236532
-103.3496092,20.6596988
-103.3496092,20.6596988
-103.3496092,20.6596988
-103.3496092,20.6596988
-103.3496092,20.6596988
-103.3494376,20.6595382
-103.0213677,19.9891511
-102.5832426,22.7708555
-102.552784,23.634501
-102.552784,23.634501
-102.552784,23.634501
-102.552784,23.634501
-102.552784,23.634501
-102.552784,23.634501
-102.552784,23.634501
-102.552784,23.634501
-102.552784,23.634501
-102.552784,23.634501
-102.4107493,34.2331373
-102.4107493,34.2331373
-102.4107493,34.2331373
-101.7068294,27.058676
-101.6859605,21.1250077
-100.973678,25.4383234
-100.973678,25.4383234
-100.973678,25.4383234
-100.3898881,20.5887932
-100.3898876,20.5888184
-100.3898876,20.5888184
-100.3898876,20.5888184
-100.3692475,25.7157044
-100.3161126,25.6866142
-100.2396727,50.0328638
-99.9018131,31.9685988
-99.9018131,31.9685988
-99.9018131,31.9685988
-99.2311361,18.9369695
-99.2215659,18.9242095
-99.2215659,18.9242095
-99.2114234,19.2790911
-99.1843676,18.8478608
-99.1591446,19.3794059
-99.1473807,19.3348234
-99.133208,19.4326077
-99.133208,19.4326077
-99.133208,19.4326077
-99.133208,19.4326077
-99.133208,19.4326077
-99.1308718,19.4218912
-99.1013498,18.6813049
-98.9052192,20.2265612
-98.8362755,24.26694
-98.7623874,20.0910963
-98.7623874,20.0910963
-98.7623874,20.0910963
-98.7591311,20.1010608
-98.7591311,20.1010608
-98.7591311,20.1010608
-98.7591311,20.1010608
-98.7591311,20.1010608
-98.7591311,20.1010608
-98.7591311,20.1010608
-98.7591311,20.1010608
-98.7591311,20.1010608
-98.7591311,20.1010608
-98.7591311,20.1010608
-98.6960424,20.0708947
-98.4936282,29.4241219
-98.4936282,29.4241219
-98.3455688,26.649503
-98.3170569,20.0368036
-98.2212979,26.4656319
-98.2212979,26.4656319
-98.2062727,19.0414398
-98.2062727,19.0414398
-98.2062727,19.0414398
-98.2062727,19.0414398
-97.7430608,30.267153
-97.7430608,30.267153
-97.7430608,30.267153
-97.7430608,30.267153
-97.7430608,30.267153
-97.7430608,30.267153
-97.7430608,30.267153
-97.7430608,30.267153
-97.333486,32.748016
-97.3307658,32.7554883
-97.1950138,32.991235
-97.1383744,49.895136
-97.1025077,32.4334742
-96.7969879,32.7766642
-96.7969879,32.7766642
-96.7969879,32.7766642
-96.7969879,32.7766642
-96.5716694,39.1836082
-96.2368465,41.2831958
-96.0641676,39.834165
-95.971261,36.153315
-95.971261,36.153315
-95.971261,36.153315
-95.971261,36.153315
-95.971261,36.153315
-95.857444,36.118537
-95.712891,37.09024
-95.712891,37.09024
-95.712891,37.09024
-95.712891,37.09024
-95.712891,37.09024
-95.712891,37.09024
-95.712891,37.09024
-95.712891,37.09024
-95.712891,37.09024
-95.712891,37.09024
-95.712891,37.09024
-95.712891,37.09024
-95.712891,37.09024
-95.712891,37.09024
-95.712891,37.09024
-95.712891,37.09024
-95.712891,37.09024
-95.674149,35.8203784
-95.4612625,30.1658207
-95.396241,29.710529
-95.3698028,29.7604267
-95.3698028,29.7604267
-95.3698028,29.7604267
-95.3698028,29.7604267
-95.3698028,29.7604267
-95.3698028,29.7604267
-94.9711468,38.9731066
-94.7404891,32.5007037
-94.6858998,46.729553
-94.6707917,38.9822282
-94.5785667,39.0997265
-94.5785667,39.0997265
-94.5785667,39.0997265
-94.479976,39.3176186
-94.4191177,39.2461138
-94.367996,36.8689554
-94.3621703,39.3677802
-94.29869,36.4597208
-94.1736551,36.0678324
-93.3708567,37.2191474
-93.3708567,37.2191474
-93.3708567,37.2191474
-93.3708567,37.2191474
-93.2650108,44.977753
-93.2650108,44.977753
-93.2650108,44.977753
-93.24272,44.6496868
-93.0899578,44.9537029
-93.0899578,44.9537029
-93.0717821,44.9623478
-92.2895948,34.7464809
-92.1735164,38.5767017
-92.0198427,30.2240897
-91.6656232,41.9778795
-91.1412404,43.0516505
-91.1403196,30.4582829
-90.9656019,-0.9537691
-90.4489329,38.7017609
-90.4233344,-0.383106
-90.4233344,-0.383106
-90.3371889,-0.6393592
-90.3371889,-0.6393592
-90.1994042,38.6270025
-90.1994042,38.6270025
-89.5685606,42.9929065
-89.436391,-0.8674715
-89.4012302,43.0730517
-89.2728627,40.7214251
-88.9906312,40.5142026
-88.89653,13.794185
-88.7878678,43.7844397
-88.1227199,42.0629915
-88.017771,44.519456
-87.9064736,43.0389025
-87.9064736,43.0389025
-87.9064736,43.0389025
-87.7479528,41.719978
-87.6297982,41.8781136
-87.6297982,41.8781136
-87.6297982,41.8781136
-87.0308412,35.1998023
-87.0308412,35.1998023
-86.8663978,21.1398997
-86.7816016,36.1626638
-86.754988,37.9000554
-86.5804473,35.5174913
-86.158068,39.768403
-86.1349019,40.2671941
-86.1349019,40.2671941
-85.9112316,36.997694
-85.6023643,44.3148443
-85.323214,51.253775
-85.323214,51.253775
-85.0322444,33.0362218
-84.680501,38.9458951
-84.5120196,39.1031182
-84.4925844,33.8498136
-84.3879824,33.7489954
-84.3879824,33.7489954
-84.3879824,33.7489954
-84.3879824,33.7489954
-84.3879824,33.7489954
-84.2807329,30.4382559
-83.985,42.43472
-83.9811014,34.1140497
-83.9811014,34.1140497
-83.9811014,34.1140497
-83.9811014,34.1140497
-83.9811014,34.1140497
-83.9207392,35.9606384
-83.888886,43.5963185
-83.555212,41.6639383
-83.1352843,42.4607319
-82.907123,40.4172871
-82.5436722,27.763383
-82.4571776,27.950575
-82.4571776,27.950575
-82.4065901,42.974536
-82.3940104,34.8526176
-82.3701933,36.3025374
-82.3665956,23.1135925
-82.1823746,41.452819
-82.1338961,29.2016499
-81.5157535,27.6648274
-81.5157535,27.6648274
-81.5157535,27.6648274
-81.5157535,27.6648274
-81.4657554,28.5212941
-81.3392352,28.5999998
-80.958462,-2.2233633
-80.958462,-2.2233633
-80.958462,-2.2233633
-80.958462,-2.2233633
-80.8431267,35.2270869
-80.8431267,35.2270869
-80.8185006,44.1763254
-80.765361,35.2775488
-80.7089101,-0.9676533
-80.678988,32.433535
-80.678988,32.433535
-80.5827272,-1.3525694
-80.5204096,43.4642578
-80.4549026,38.5976262
-80.452644,-1.0543434
-80.452644,-1.0543434
-80.452644,-1.0543434
-80.4524903,-1.054723
-80.4524903,-1.054723
-80.4524903,-1.054723
-80.3895886,-2.6284683
-80.3895886,-2.6284683
-80.3045967,25.8641207
-80.2446779,-4.3862724
-80.1917902,25.7616798
-80.1917902,25.7616798
-80.1917902,25.7616798
-80.1917902,25.7616798
-80.1917902,25.7616798
-80.109357,-0.7140022
-80.088412,-1.8754231
-80.0684479,26.6167555
-80.0565577,-4.1212285
-79.9958864,40.4406248
-79.961499,-3.2589868
-79.9584397,-4.1031257
-79.9553924,-3.2581112
-79.9553924,-3.2581112
-79.9553924,-3.2581112
-79.9427711,-4.3886629
-79.9360593,-4.3758269
-79.9360593,-4.3758269
-79.9360593,-4.3758269
-79.9360593,-4.3758269
-79.9360593,-4.3758269
-79.9360593,-4.3758269
-79.9360593,-4.3758269
-79.9360593,-4.3758269
-79.9360593,-4.3758269
-79.9360593,-4.3758269
-79.9360593,-4.3758269
-79.9223592,-2.1709979
-79.9223592,-2.1709979
-79.9223592,-2.1709979
-79.9223592,-2.1709979
-79.9223592,-2.1709979
-79.9223592,-2.1709979
-79.9223592,-2.1709979
-79.9223592,-2.1709979
-79.9223592,-2.1709979
-79.9223592,-2.1709979
-79.9223592,-2.1709979
-79.9223592,-2.1709979
-79.9223592,-2.1709979
-79.9223592,-2.1709979
-79.9223592,-2.1709979
-79.9223592,-2.1709979
-79.9223592,-2.1709979
-79.9223592,-2.1709979
-79.9223592,-2.1709979
-79.9223592,-2.1709979
-79.9223592,-2.1709979
-79.9223592,-2.1709979
-79.9223592,-2.1709979
-79.9223592,-2.1709979
-79.9223592,-2.1709979
-79.9223592,-2.1709979
-79.9223592,-2.1709979
-79.9223592,-2.1709979
-79.9223592,-2.1709979
-79.9223592,-2.1709979
-79.9223592,-2.1709979
-79.9223592,-2.1709979
-79.9223592,-2.1709979
-79.9223592,-2.1709979
-79.9223592,-2.1709979
-79.9223592,-2.1709979
-79.9223592,-2.1709979
-79.9223592,-2.1709979
-79.9192702,-1.9574839
-79.9192702,-1.9574839
-79.9192702,-1.9574839
-79.9192702,-1.9574839
-79.9192702,-1.9574839
-79.9056267,-2.2713915
-79.8774042,43.5182991
-79.8184684,-3.2368706
-79.8184684,-3.2368706
-79.7990319,43.3255196
-79.7911481,-4.3289128
-79.7909423,36.0657531
-79.727151,-1.9606263
-79.727151,-1.9606263
-79.727151,-1.9606263
-79.6993185,-4.3510723
-79.6586309,-3.5905208
-79.6586309,-3.5905208
-79.6517202,0.9681789
-79.6517202,0.9681789
-79.6517202,0.9681789
-79.6517202,0.9681789
-79.6517202,0.9681789
-79.6452983,-3.878567
-79.6452983,-3.878567
-79.6452983,-3.878567
-79.6452983,-3.878567
-79.6452983,-3.878567
-79.6109049,-3.6873033
-79.6109049,-3.6873033
-79.6109049,-3.6873033
-79.6109049,-3.7172888
-79.5940544,-2.1387682
-79.5346459,-1.801926
-79.5346459,-1.801926
-79.5346459,-1.801926
-79.5346459,-1.801926
-79.497597,-3.334893
-79.4608897,-1.0230607
-79.4608897,-1.0230607
-79.4604035,-1.0225124
-79.4604035,-1.0225124
-79.4604035,-1.0225124
-79.4604035,-1.0225124
-79.4604035,-1.0225124
-79.4604035,-1.0225124
-79.3993456,-4.3664916
-79.3831843,43.653226
-79.3831843,43.653226
-79.3831843,43.653226
-79.3831843,43.653226
-79.3831843,43.653226
-79.3831843,43.653226
-79.3831843,43.653226
-79.3831843,43.653226
-79.3831843,43.653226
-79.3831843,43.653226
-79.3535714,-3.9879753
-79.3535714,-3.9879753
-79.3535714,-3.9879753
-79.3535714,-3.9879753
-79.3529799,-0.9520989
-79.3437394,-2.4204637
-79.3425369,-3.551155
-79.2606199,-4.2186766
-79.2380664,-3.6217479
-79.2380664,-3.6217479
-79.2380664,-3.6217479
-79.2253776,-4.2623285
-79.2112769,-4.0078909
-79.2112769,-4.0078909
-79.2112769,-4.0078909
-79.2112769,-4.0078909
-79.2112769,-4.0078909
-79.2112769,-4.0078909
-79.2112769,-4.0078909
-79.2112769,-4.0078909
-79.2112769,-4.0078909
-79.2112769,-4.0078909
-79.2112769,-4.0078909
-79.2112769,-4.0078909
-79.2112769,-4.0078909
-79.2112769,-4.0078909
-79.2112769,-4.0078909
-79.2112769,-4.0078909
-79.2112769,-4.0078909
-79.2112769,-4.0078909
-79.2112769,-4.0078909
-79.2112769,-4.0078909
-79.2112769,-4.0078909
-79.2112769,-4.0078909
-79.2112769,-4.0078909
-79.2112769,-4.0078909
-79.2112769,-4.0078909
-79.2112769,-4.0078909
-79.2112769,-4.0078909
-79.2112769,-4.0078909
-79.2112769,-4.0078909
-79.2112769,-4.0078909
-79.2112769,-4.0078909
-79.2112769,-4.0078909
-79.2112769,-4.0078909
-79.2112769,-4.0078909
-79.2112769,-4.0078909
-79.205727,-3.601753
-79.1774268,-0.2389045
-79.1774268,-0.2389045
-79.1096901,36.0263022
-79.0659179,-1.9436802
-79.0558445,35.9131996
-79.0558445,35.9131996
-79.0489685,0.0813445
-79.0192997,35.7595731
-79.0192997,35.7595731
-79.0192997,35.7595731
-79.0058965,-2.9001285
-79.0058965,-2.9001285
-79.0058965,-2.9001285
-79.0058965,-2.9001285
-79.0058965,-2.9001285
-79.0058965,-2.9001285
-79.0058965,-2.9001285
-79.0058965,-2.9001285
-79.0058965,-2.9001285
-78.9995154,-1.5904721
-78.9995154,-1.5904721
-78.9995154,-1.5904721
-78.9503525,-4.0655892
-78.9503525,-4.0655892
-78.9503525,-4.0655892
-78.948623,-4.0620941
-78.948623,-4.0620941
-78.898619,35.9940329
-78.8920444,0.0251731
-78.8458135,-2.7389977
-78.8458135,-2.7389977
-78.7957856,-3.0510692
-78.7811169,35.79154
-78.7759559,-2.886385
-78.7759559,-2.886385
-78.6381787,35.7795897
-78.6341996,-3.9298991
-78.60585,-0.931556
-78.5286099,-0.2479911
-78.4853822,-0.1270432
-78.4766781,38.0293059
-78.4751945,-0.1464847
-78.4751945,-0.1464847
-78.4751945,-0.1464847
-78.4678382,-0.1806532
-78.4678382,-0.1806532
-78.4678382,-0.1806532
-78.4678382,-0.1806532
-78.4678382,-0.1806532
-78.4678382,-0.1806532
-78.4678382,-0.1806532
-78.4678382,-0.1806532
-78.4678382,-0.1806532
-78.4678382,-0.1806532
-78.4678382,-0.1806532
-78.458708,38.253749
-78.458708,38.253749
-78.458708,38.253749
-78.4268758,-1.3928344
-78.423322,-6.4973476
-78.2647004,0.3071217
-78.2647004,0.3071217
-78.1961452,0.32095
-78.183406,-1.831239
-78.183406,-1.831239
-78.183406,-1.831239
-78.183406,-1.831239
-78.183406,-1.831239
-78.183406,-1.831239
-78.183406,-1.831239
-78.183406,-1.831239
-78.183406,-1.831239
-78.183406,-1.831239
-78.183406,-1.831239
-78.183406,-1.831239
-78.183406,-1.831239
-78.183406,-1.831239
-78.183406,-1.831239
-78.183406,-1.831239
-78.183406,-1.831239
-78.183406,-1.831239
-78.183406,-1.831239
-78.183406,-1.831239
-78.183406,-1.831239
-78.183406,-1.831239
-78.183406,-1.831239
-78.183406,-1.831239
-78.183406,-1.831239
-78.183406,-1.831239
-78.183406,-1.831239
-78.183406,-1.831239
-78.183406,-1.831239
-78.183406,-1.831239
-78.183406,-1.831239
-78.183406,-1.831239
-78.183406,-1.831239
-78.183406,-1.831239
-78.183406,-1.831239
-78.1633341,39.1856597
-78.1507423,0.0319573
-78.1260129,0.3499768
-78.1260129,0.3499768
-78.1222336,0.3391763
-78.1222336,0.3391763
-78.1210327,0.3697668
-78.1146866,-2.3051062
-77.9042521,0.5026912
-77.8136035,-0.9962972
-77.8136035,-0.9962972
-77.8136035,-0.9962972
-77.8136035,-0.9962972
-77.8136035,-0.9962972
-77.8136035,-0.9962972
-77.8136035,-0.9962972
-77.8136035,-0.9962972
-77.8136035,-0.9962972
-77.8136035,-0.9962972
-77.8136035,-0.9962972
-77.8136035,-0.9962972
-77.8136035,-0.9962972
-77.8136035,-0.9962972
-77.8081363,-0.9085624
-77.781167,21.521757
-77.7165925,0.8150687
-77.4291298,39.0066993
-77.4010762,35.529051
-77.3896798,35.5502189
-77.3089996,-0.6908849
-77.3063733,38.8462236
-77.2833793,43.2209426
-77.1945247,41.2033216
-77.1945247,41.2033216
-77.1764149,38.7636242
-77.1710914,38.882334
-77.1527578,39.0839973
-77.1527578,39.0839973
-77.1521483,38.9718757
-77.0947092,38.984652
-77.0947092,38.984652
-77.0909809,38.8816208
-77.0909809,38.8816208
-77.0873929,38.9392688
-77.0732748,39.5156627
-77.0368707,38.9071923
-77.0368707,38.9071923
-77.0368707,38.9071923
-77.0368707,38.9071923
-77.0368707,38.9071923
-77.0368707,38.9071923
-77.0368707,38.9071923
-77.0368707,38.9071923
-77.0368707,38.9071923
-77.0368707,38.9071923
-77.0368707,38.9071923
-77.0340315,38.9031004
-77.033816,38.997844
-77.0309538,39.0410973
-77.0287949,38.8983313
-77.0090505,38.8899389
-76.9950286,-0.4545163
-76.9950286,-0.4545163
-76.9950286,-0.4545163
-76.9950286,-0.4545163
-76.9455301,38.9559442
-76.9199742,40.2398118
-76.8897557,0.0889231
-76.8826766,40.261594
-76.866667,0.1
-76.866667,0.1
-76.8571063,-0.3013626
-76.8449341,39.1674643
-76.6683922,39.1774042
-76.6412712,39.0457549
-76.6121893,39.2903848
-76.6121893,39.2903848
-76.6121893,39.2903848
-76.6121893,39.2903848
-76.6121893,39.2903848
-76.611351,38.8317815
-76.4859544,44.2311717
-75.9927652,44.0607421
-75.9107565,43.9747838
-75.6971931,45.4215296
-75.6971931,45.4215296
-75.6971931,45.4215296
-75.6971931,45.4215296
-75.6971931,45.4215296
-75.6971931,45.4215296
-75.6968542,45.4163073
-75.6215224,40.0934768
-75.387693,39.9167783
-75.3862954,41.1112001
-75.2582447,40.0104668
-75.2479061,40.4107964
-75.202588,39.9555497
-75.1969346,39.8422093
-75.1969346,39.8422093
-75.1969346,39.8422093
-75.1652215,39.9525839
-75.1652215,39.9525839
-75.1652215,39.9525839
-75.1652215,39.9525839
-75.163389,39.9629406
-74.9241128,42.2704551
-74.8624092,40.2302142
-74.6329363,40.5695474
-74.5402506,40.2677539
-74.511172,40.3025907
-74.4056612,40.0583238
-74.4056612,40.0583238
-74.4056612,40.0583238
-74.3859831,40.446495
-74.2401609,40.8298006
-74.0070779,40.7397522
-74.0059728,40.7127753
-74.0059728,40.7127753
-74.0059728,40.7127753
-74.0059728,40.7127753
-74.0059728,40.7127753
-74.0059728,40.7127753
-74.0059728,40.7127753
-74.0059728,40.7127753
-74.0059728,40.7127753
-74.0059728,40.7127753
-74.0059728,40.7127753
-74.0059728,40.7127753
-74.0059728,40.7127753
-74.0059728,40.7127753
-74.0059728,40.7127753
-74.0059728,40.7127753
-74.0059728,40.7127753
-74.0059728,40.7127753
-73.9972897,40.7362496
-73.9968807,40.7249194
-73.9906901,40.7702383
-73.977617,40.7762676
-73.9761618,40.7619601
-73.7624137,-42.4801402
-73.6281964,41.0262417
-73.567256,45.5016889
-73.567256,45.5016889
-73.567256,45.5016889
-73.5491361,52.9399159
-73.3166644,-37.2457765
-73.2452103,-39.8195857
-73.2452103,-39.8195857
-73.2452103,-39.8195857
-73.1409429,40.9256538
-73.1331651,41.1845415
-73.1149469,-40.5761897
-73.0443904,-36.8201352
-73.0443904,-36.8201352
-73.0443904,-36.8201352
-73.0443904,-36.8201352
-73.0443904,-36.8201352
-73.0443904,-36.8201352
-73.017378,-36.9532166
-72.9833,-41.3167
-72.9411364,-41.468917
-72.9411364,-41.468917
-72.9411364,-41.468917
-72.9411364,-41.468917
-72.8720844,41.3678757
-72.6412013,42.3250896
-72.5903739,-38.7359018
-72.5903739,-38.7359018
-72.5903739,-38.7359018
-72.5778415,44.5588028
-72.4167,-35.3333
-72.4167,-35.3333
-72.3515084,-38.2326538
-72.331113,-40.2310217
-72.331113,-36.9777206
-72.331113,-40.2310217
-72.2167,-36.5
-72.1630247,-39.4848363
-72.1416132,-41.9197779
-72.1023351,-36.6062618
-72.068265,-45.5712254
-72.068265,-45.5712254
-71.9516746,42.8706048
-71.8022934,42.2625932
-71.6484804,-35.4232444
-71.6484804,-35.4232444
-71.6484804,-35.4232444
-71.6484804,-35.4232444
-71.6249599,-33.0417134
-71.6126885,-33.047238
-71.6126885,-33.047238
-71.6126885,-33.047238
-71.5996137,-35.846407
-71.5500276,-33.0153481
-71.5500276,-33.0153481
-71.5500276,-33.0153481
-71.5500276,-33.0153481
-71.5500276,-33.0153481
-71.5500276,-33.0153481
-71.5471906,-32.9414726
-71.542969,-35.675147
-71.542969,-35.675147
-71.542969,-35.675147
-71.542969,-35.675147
-71.542969,-35.675147
-71.542969,-35.675147
-71.542969,-35.675147
-71.542969,-35.675147
-71.542969,-35.675147
-71.542969,-35.675147
-71.542969,-35.675147
-71.542969,-35.675147
-71.542969,-35.675147
-71.542969,-35.675147
-71.542969,-35.675147
-71.542969,-35.675147
-71.542969,-35.675147
-71.542969,-35.675147
-71.542969,-35.675147
-71.542969,-35.675147
-71.542969,-35.675147
-71.542969,-35.675147
-71.542969,-35.675147
-71.542969,-35.675147
-71.542969,-35.675147
-71.542969,-35.675147
-71.542969,-35.675147
-71.542969,-35.675147
-71.542969,-35.675147
-71.542969,-35.675147
-71.542969,-35.675147
-71.542969,-35.675147
-71.542969,-35.675147
-71.542969,-35.675147
-71.542969,-35.675147
-71.542969,-35.675147
-71.542969,-35.675147
-71.542969,-35.675147
-71.542969,-35.675147
-71.542969,-35.675147
-71.542969,-35.675147
-71.3824374,42.4072107
-71.3824374,42.4072107
-71.3824374,42.4072107
-71.3734096,-33.0476377
-71.3389183,-29.9590009
-71.3389183,-29.9590009
-71.2519374,-29.9026691
-71.2519374,-29.9026691
-71.2519374,-29.9026691
-71.2519374,-29.9026691
-71.2497156,-32.8803027
-71.2399037,-33.1065458
-71.2166838,-33.6861588
-71.2039963,-32.7877958
-71.1275212,-33.3977192
-71.1097335,42.3736158
-71.1097335,42.3736158
-71.102018,42.365854
-71.0588801,42.3600825
-71.0588801,42.3600825
-71.0588801,42.3600825
-71.0588801,42.3600825
-71.0588801,42.3600825
-71.0588801,42.3600825
-71.0588801,42.3600825
-71.0022311,-32.5040172
-70.9576408,-34.4601542
-70.9170683,-53.1638329
-70.9170683,-53.1638329
-70.8781837,-33.6060255
-70.8226541,43.9653889
-70.7406259,-34.1701324
-70.7406259,-34.1701324
-70.707935,-33.6370282
-70.7053369,-33.5776482
-70.6968802,-34.1644366
-70.6692655,-33.4488897
-70.6692655,-33.4488897
-70.6692655,-33.4488897
-70.6692655,-33.4488897
-70.6692655,-33.4488897
-70.6692655,-33.4488897
-70.6692655,-33.4488897
-70.6692655,-33.4488897
-70.6692655,-33.4488897
-70.6692655,-33.4488897
-70.6692655,-33.4488897
-70.6692655,-33.4488897
-70.6692655,-33.4488897
-70.6692655,-33.4488897
-70.6692655,-33.4488897
-70.6692655,-33.4488897
-70.6692655,-33.4488897
-70.6692655,-33.4488897
-70.6692655,-33.4488897
-70.6692655,-33.4488897
-70.6692655,-33.4488897
-70.6692655,-33.4488897
-70.6692655,-33.4488897
-70.6692655,-33.4488897
-70.6692655,-33.4488897
-70.6692655,-33.4488897
-70.6692655,-33.4488897
-70.6692655,-33.4488897
-70.6692655,-33.4488897
-70.6692655,-33.4488897
-70.6692655,-33.4488897
-70.6692655,-33.4488897
-70.6692655,-33.4488897
-70.6692655,-33.4488897
-70.6692655,-33.4488897
-70.6692655,-33.4488897
-70.6692655,-33.4488897
-70.6692655,-33.4488897
-70.6692655,-33.4488897
-70.6692655,-33.4488897
-70.6692655,-33.4488897
-70.6692655,-33.4488897
-70.6692655,-33.4488897
-70.6692655,-33.4488897
-70.6692655,-33.4488897
-70.6692655,-33.4488897
-70.6692655,-33.4488897
-70.6692655,-33.4488897
-70.6692655,-33.4488897
-70.6692655,-33.4488897
-70.6692655,-33.4488897
-70.6692655,-33.4488897
-70.6692655,-33.4488897
-70.6692655,-33.4488897
-70.6692655,-33.4488897
-70.6692655,-33.4488897
-70.6692655,-33.4488897
-70.6692655,-33.4488897
-70.6565151,-34.179452
-70.65074,-33.454275
-70.6504896,-33.4375545
-70.6504896,-33.4375545
-70.6480656,-33.2756218
-70.6480656,-33.2756218
-70.6453887,-33.4456835
-70.625637,-33.4371242
-70.5987142,-33.5226882
-70.5987142,-33.5226882
-70.5978415,-33.4566678
-70.5978415,-33.4566678
-70.5978415,-33.4566678
-70.5978415,-33.4566678
-70.5906057,-33.6186082
-70.5724124,-33.3905211
-70.5724124,-33.3905211
-70.5573124,-33.3989812
-70.5573124,-33.3989812
-70.5573124,-33.3989812
-70.5340591,-33.4411269
-70.3975022,-23.6509279
-70.3975022,-23.6509279
-70.3975022,-23.6509279
-70.3321587,-27.3665763
-70.3125988,-18.4782534
-70.3125988,-18.4782534
-70.3125988,-18.4782534
-70.3125988,-18.4782534
-70.2553259,43.661471
-70.1356692,-20.2307033
-70.1049169,-20.2686722
-69.3473509,10.0677719
-68.9321185,-22.4638195
-68.9293819,-22.4543923
-68.9293819,-22.4543923
-68.1971594,-22.9168236
-67.2847875,10.0635758
-66.9036063,10.4805937
-66.9036063,10.4805937
-66.9036063,10.4805937
-66.9036063,10.4805937
-66.590149,18.220833
-66.590149,18.220833
-66.590149,18.220833
-66.590149,18.220833
-66.590149,18.220833
-66.58973,6.42375
-66.1057355,18.4655394
-66.1057355,18.4655394
-66.1057355,18.4655394
-66.1057355,18.4655394
-65.7206559,18.3789857
-65.6523838,18.3257869
-64.183316,10.431916
-61.222503,10.691803
-58.8306349,-27.4692131
-58.733321,-34.4671896
-56.2585334,-34.8774205
-55.765835,-32.522779
-51.1627972,-30.0226557
-49.2653819,-25.4244287
-42.8785858,-20.7548697
-19.020835,64.963051
-8.9588478,51.9048039
-8.6304976,52.6680204
-8.5688993,42.3389166
-8.1096143,54.653827
-7.5898434,33.5731104
-6.3759736,53.3842081
-6.2885962,36.5270612
-6.2603097,53.3498053
-6.2603097,53.3498053
-6.2603097,53.3498053
-6.2603097,53.3498053
-6.2603097,53.3498053
-6.2603097,53.3498053
-6.2603097,53.3498053
-6.2603097,53.3498053
-6.1316039,53.4256084
-5.7467879,41.5034712
-5.6635397,40.9701039
-4.2026458,56.4906712
-3.827609,53.324061
-3.7837117,52.1306607
-3.7837117,52.1306607
-3.74922,40.463667
-3.74922,40.463667
-3.74922,40.463667
-3.74922,40.463667
-3.74922,40.463667
-3.74922,40.463667
-3.74922,40.463667
-3.7038322,40.4167515
-3.7037902,40.4167754
-3.7037902,40.4167754
-3.7037902,40.4167754
-3.7037902,40.4167754
-3.7037902,40.4167754
-3.6921271,40.4137818
-3.629042,40.4366368
-3.576945,51.504286
-3.530875,50.7155591
-3.469,52.64
-3.452151,56.071741
-3.435973,55.378051
-3.435973,55.378051
-3.435973,55.378051
-3.435973,55.378051
-3.435973,55.378051
-3.3260904,52.6464249
-3.3260904,52.6464249
-3.188267,55.953252
-3.188267,55.953252
-3.0446015,51.7002253
-2.9915726,53.4083714
-2.9915726,53.4083714
-2.58791,51.454513
-2.46874,53.695451
-2.2426305,53.4807593
-2.1526355,52.2615914
-2.1266325,53.3933102
-1.9927105,51.3491996
-1.6457745,42.812526
-1.61778,54.978252
-1.61778,54.978252
-1.5490774,53.8007554
-1.5300695,48.2292016
-1.4043509,50.9097004
-1.3080629,51.0576948
-1.2577263,51.7520209
-1.2577263,51.7520209
-1.1743197,52.3555177
-1.1743197,52.3555177
-1.1743197,52.3555177
-1.1743197,52.3555177
-1.1743197,52.3555177
-1.1743197,52.3555177
-1.0649362,51.2949574
-0.921517,52.475769
-0.8890853,41.6488226
-0.3762881,39.4699075
-0.2784385,39.6798633
-0.137163,50.82253
-0.1277583,51.5073509
-0.1277583,51.5073509
-0.1277583,51.5073509
-0.1277583,51.5073509
-0.1277583,51.5073509
-0.1277583,51.5073509
-0.1277583,51.5073509
-0.1277583,51.5073509
-0.1277583,51.5073509
-0.1277583,51.5073509
-0.1097443,51.5484543
-0.0909852,51.5123443
-0.0899037,51.5165859
0.1050557,38.8387992
0.121817,52.205337
0.121817,52.205337
0.27568,51.195043
0.290472,50.768035
0.340375,46.580224
0.4877763,40.494263
1.0789089,51.280233
1.2444909,41.1188827
1.419597,50.04887
1.444209,43.604652
2.1479995,41.3822749
2.1734035,41.3850639
2.1734035,41.3850639
2.1734035,41.3850639
2.213749,46.227638
2.213749,46.227638
2.213749,46.227638
2.3112488,48.8403734
2.3522219,48.856614
2.3522219,48.856614
2.3522219,48.856614
2.7753408,42.976935
2.8779388,50.8492265
3.3792057,6.5243793
3.3792057,6.5243793
4.3517211,50.8503463
4.3517211,50.8503463
4.3517211,50.8503463
4.3967708,52.0091941
4.4024643,51.2194475
4.469936,50.503887
4.469936,50.503887
4.4777326,51.9244201
4.69623,45.7470039
4.7005176,50.8798438
4.768323,51.5719149
4.768323,51.5719149
4.835659,45.764043
4.835659,45.764043
4.8951679,52.3702157
5.1214201,52.0907374
5.2057909,7.2571325
5.291266,52.132633
5.291266,52.132633
5.291266,52.132633
5.3036748,51.6978162
5.5711155,51.9621397
5.876557,48.624147
5.876557,48.624147
5.876557,48.624147
6.0838868,50.7753455
6.129384,45.899247
6.129583,49.815273
6.1343571,46.2327276
6.1431577,46.2043907
6.1431577,46.2043907
6.1431577,46.2043907
6.1431577,46.2043907
6.1431577,46.2043907
6.1431577,46.2043907
6.1431577,46.2043907
6.1431577,46.2043907
6.1431577,46.2043907
6.1431577,46.2043907
6.1431577,46.2043907
6.1431577,46.2043907
6.1431577,46.2043907
6.1456907,46.220004
6.2937736,51.9646995
6.7623293,51.4344079
6.7734556,51.2277411
6.7734556,51.2277411
6.9201057,50.9529247
6.9556773,51.6818894
6.9602786,50.937531
6.9602786,50.937531
6.9602786,50.937531
6.9602786,50.937531
6.9602786,50.937531
6.9602786,50.937531
7.0947594,50.7368697
7.0982068,50.73743
7.0982068,50.73743
7.0982068,50.73743
7.0982068,50.73743
7.1507636,51.2562128
7.1898025,9.2178609
7.3436252,52.3216445
7.398574,9.0764785
7.4165053,10.5104642
7.4232678,53.0726142
7.4246158,43.7384176
7.4652981,51.5135872
7.4664546,50.4361866
7.5885761,47.5595986
7.5885761,47.5595986
7.5889959,50.3569429
7.6261347,51.9606649
7.6291536,51.3731475
7.6615938,51.4332367
7.6615938,51.4332367
7.6615938,51.4332367
7.6868565,45.070312
7.6868565,45.070312
7.7491265,49.4400657
7.8551164,44.6923429
8.081666,17.607789
8.1747687,50.0315822
8.227512,46.818188
8.2397608,50.0782184
8.2472526,49.9928617
8.2472526,49.9928617
8.2472526,49.9928617
8.3391589,50.0616037
8.3674887,53.5770019
8.4036527,49.0068901
8.415022,52.074398
8.459405,55.476466
8.4660395,49.4874592
8.541694,47.3768866
8.5556826,40.7259269
8.5919561,12.0021794
8.6209707,52.3814709
8.6724335,49.3987524
8.675277,9.081999
8.6821267,50.1109221
8.7667933,50.8021728
8.8016936,53.0792962
8.8354706,45.3154921
8.951052,46.0036778
9.0163811,45.8487988
9.0843568,45.5375237
9.1427661,45.3760312
9.1702772,47.7661746
9.1829321,48.7758459
9.1829321,48.7758459
9.1829321,48.7758459
9.189982,45.4642035
9.189982,45.4642035
9.189982,45.4642035
9.189982,45.4642035
9.2744485,45.5845001
9.4797461,51.3127114
9.501785,56.26392
9.6961167,54.2193672
9.9158035,51.5412804
9.9797373,47.2497427
9.9876076,48.4010822
9.9936819,53.5510846
9.9936819,53.5510846
9.9936819,53.5510846
9.9936819,53.5510846
9.9936819,53.5510846
9.9936819,53.5510846
9.9936819,53.5510846
10.0059034,44.0600207
10.0242761,53.5546758
10.036539,56.460584
10.1802373,46.9688419
10.3434774,46.0018157
10.40237,55.403756
10.451526,51.165691
10.451526,51.165691
10.451526,51.165691
10.451526,51.165691
10.451526,51.165691
10.451526,51.165691
10.451526,51.165691
10.451526,51.165691
10.451526,51.165691
10.451526,51.165691
10.451526,51.165691
10.451526,51.165691
10.5267696,52.2688736
10.6296859,44.6989932
10.6296859,44.6989932
10.9916215,45.4383842
10.9916215,45.4383842
11.02988,50.9847679
11.1206081,45.257693
11.2186396,44.5967607
11.2486208,43.7710513
11.2486208,43.7710513
11.2558136,43.7695604
11.2995045,51.4725415
11.3426162,44.494887
11.3771496,8.8928524
11.4257541,48.7665351
11.52703,51.52498
11.5819805,48.1351253
11.5819805,48.1351253
11.5819805,48.1351253
11.5819805,48.1351253
11.5819805,48.1351253
11.5819805,48.1351253
11.5819805,48.1351253
11.5819805,48.1351253
11.5819805,48.1351253
11.7365825,50.0960073
11.8767611,45.4064349
11.9127814,50.3135391
11.9688029,51.4969802
12.3401709,62.2786475
12.357451,45.921215
12.3730747,51.3396955
12.3730747,51.3396955
12.3730747,51.3396955
12.4963655,41.9027835
12.4963655,41.9027835
12.4963655,41.9027835
12.4963655,41.9027835
12.4963655,41.9027835
12.5493261,55.6751812
12.566608,55.695981
12.56738,41.87194
12.56738,41.87194
12.56738,41.87194
12.56738,41.87194
12.56738,41.87194
12.56738,41.87194
12.56738,41.87194
12.56738,41.87194
12.56738,41.87194
12.56738,41.87194
12.5683372,55.6760968
12.6218699,41.9813605
12.9213697,50.827845
12.989615,43.5058744
13.0644729,52.3905689
13.0644729,52.3905689
13.2017384,51.1045407
13.2017384,51.1045407
13.404954,52.5200066
13.404954,52.5200066
13.404954,52.5200066
13.404954,52.5200066
13.404954,52.5200066
13.404954,52.5200066
13.404954,52.5200066
13.404954,52.5200066
13.404954,52.5200066
13.404954,52.5200066
13.404954,52.5200066
13.404954,52.5200066
13.404954,52.5200066
13.4785426,43.4884025
13.6201754,45.9401812
13.7136229,41.63297
13.7768182,45.6495264
14.375416,35.937496
14.550072,47.516231
15.2551187,54.5259614
16.3738189,48.2081743
16.3738189,48.2081743
16.3738189,48.2081743
16.8718715,41.1171432
16.8718715,41.1171432
16.9960993,49.2774517
17.1011931,40.7928393
17.7948189,50.6411215
18.0685808,59.3293235
18.0685808,59.3293235
18.0685808,59.3293235
18.0685808,59.3293235
18.0685808,59.3293235
18.0685808,59.3293235
18.0685808,59.3293235
18.4240553,-33.9248685
18.4240553,-33.9248685
19.145136,51.919438
20.1414253,46.2530102
21.0122287,52.2296756
21.4273299,40.0837626
22.9444191,40.6400629
23.7275388,37.9838096
23.7275388,37.9838096
23.7899382,38.0329318
23.8941657,39.1968615
24.5022981,44.200797
24.9383791,60.1698557
28.0888578,-25.864029
28.9783589,41.0082376
32.8597419,39.9333635
33.9929327,-11.4220649
39.2375507,21.2854067
39.2375507,21.2854067
39.2375507,21.2854067
39.8579118,21.3890824
45.079162,23.885942
46.6752957,24.7135517
46.6752957,24.7135517
46.6752957,24.7135517
54.1065864,17.0506675
54.3773438,24.453884
55.975413,21.4735329
58.4059227,23.58589
72.82766,19.1363246
72.828849,19.2332208
72.8776559,19.0759837
72.8776559,19.0759837
72.8776559,19.0759837
72.8776559,19.0759837
72.8776559,19.0759837
72.8776559,19.0759837
72.8776559,19.0759837
72.8776559,19.0759837
72.8776559,19.0759837
72.8776559,19.0759837
72.8776559,19.0759837
72.8776559,19.0759837
72.8776559,19.0759837
72.8776559,19.0759837
73.0296625,19.0330488
74.2432527,16.7049873
74.3587473,31.5203696
76.9596338,10.9943215
77.0266383,28.4594965
77.2090212,28.6139391
77.2090212,28.6139391
77.2090212,28.6139391
77.2090212,28.6139391
77.2090212,28.6139391
77.2090212,28.6139391
77.2090212,28.6139391
77.2090212,28.6139391
77.3910265,28.5355161
77.3910265,28.5355161
77.5945627,12.9715987
77.5945627,12.9715987
77.5945627,12.9715987
77.5945627,12.9715987
78.4617219,17.4425496
78.486671,17.385044
78.96288,20.593684
80.2707184,13.0826802
84.124008,28.394857
84.124008,28.394857
84.124008,28.394857
84.9924506,56.5010397
85.3239605,27.7172453
87.2817272,26.7943861
92.0058074,21.4272283
101.686855,3.139003
101.975766,4.210484
103.819836,1.352083
103.819836,1.352083
103.8295057,1.3066492
105.8021808,15.1219947
106.8650395,-6.17511
106.9535691,-6.3101381
112.938814,28.228209
116.0734568,5.980408
120.831025,29.56141
121.3874856,25.0334479
122.9663018,11.4058843
132.4105657,35.1496293
133.3623127,34.4858993
133.775136,-25.274398
133.775136,-25.274398
133.775136,-25.274398
133.775136,-25.274398
133.775136,-25.274398
133.775136,-25.274398
133.775136,-25.274398
135.541971,34.645455
135.7680294,35.0116363
138.252924,36.204824
138.252924,36.204824
138.252924,36.204824
138.252924,36.204824
138.6007456,-34.9284989
139.5361934,35.553865
139.6380256,35.4437078
139.6917064,35.6894875
139.7319925,35.7090259
139.7531492,35.6732657
140.0766423,36.0834857
140.4467935,36.3418112
141.3543763,43.0620958
141.4167239,43.0571757
143.8502556,-37.5621587
144.9630576,-37.8136276
147.3271949,-42.8821377
149.0123679,-35.4734679
149.0123679,-35.4734679
149.1300092,-35.2809368
149.1300092,-35.2809368
149.1300092,-35.2809368
151.0593803,-33.849376
151.11485,-33.84802
151.23653,-33.91643
153.0251235,-27.4697707
153.0251235,-27.4697707
153.0251235,-27.4697707
153.0251235,-27.4697707
153.066667,-26.65
157.2698902,-8.3256742
172.6362254,-43.5320544